18.7966943,-137.908221,6796228.43,-6043.4736,2024.0543,-46996.3178
18.1580189,-137.653419,6796169.48,-5748.5713,1928.718,-47079.8301
17.5198255,-137.377748,6796112.4,-5431.4084,1867.4174,-47156.3713
16.8821693,-137.07886,6796057.19,-5122.3418,1848.8644,-47222.5767
16.2451144,-136.754042,6796003.88,-4869.2277,1730.9758,-47279.8416
15.6087352,-136.400144,6795952.48,-4625.1746,1536.0681,-47333.0034
14.9731187,-136.013495,6795903,-4398.7278,1347.3697,-47378.7133
14.338367,-135.589785,6795855.46,-4114.1453,1251.691,-47422.2774
13.7046011,-135.123922,6795809.87,-3824.4916,1173.5519,-47460.4717
13.0719652,-134.609855,6795766.24,-3543.6898,1077.6344,-47492.8646
12.4406325,-134.040334,6795724.58,-3267.9304,986.4407,-47519.2862
11.8108128,-133.406608,6795684.9,-3002.6513,883.327,-47540.0667
11.1827625,-132.698023,6795647.22,-2746.7625,783.4904,-47555.059
10.5567983,-131.901486,6795611.54,-2498.6759,672.7169,-47565.1167
9.9333154,-131.000751,6795577.87,-2253.3463,564.6985,-47570.3988
9.3128129,-129.975435,6795546.23,-2016.6742,453.4316,-47570.9156
8.6959298,-128.799673,6795516.61,-1783.7662,340.1115,-47567.0658
8.0834957,-127.440228,6795489.02,-1560.6306,222.2209,-47558.7225
7.4766046,-125.853828,6795463.48,-1344.7941,100.3786,-47546.2399
6.8767253,-123.983347,6795439.98,-1140.9893,-26.8475,-47529.6113
6.2858665,-121.752329,6795418.54,-948.9343,-160.9822,-47509.0982
5.7068314,-119.057098,6795399.15,-772.0235,-301.5849,-47484.5586
5.1436159,-115.755627,6795381.83,-618.9741,-453.8877,-47455.782
4.6020325,-111.652665,6795366.57,-492.1128,-612.4934,-47422.827
4.0906833,-106.482763,6795353.38,-411.9024,-782.751,-47385.453
3.6223957,-99.9004791,6795342.26,-390.2119,-958.2629,-47343.9978
3.2160365,-91.5077148,6795333.22,-452.5443,-1131.6441,-47298.964
2.8977779,-80.9866113,6795326.25,-624.6858,-1275.7357,-47250.8578
2.6989686,-68.4132914,6795321.36,-913.6428,-1352.1292,-47200.347
2.6466655,-54.621325,6795318.55,-1291.8749,-1321.1143,-47147.7744
2.7492434,-41.0870231,6795317.82,-1696.2126,-1182.2172,-47093.3445
2.9908085,-29.1384832,6795319.17,-2076.4278,-973.6232,-47037.0511
3.3413512,-19.3364086,6795322.59,-2408.4636,-745.0816,-46978.7949
3.7705989,-11.5823769,6795328.1,-2696.6711,-523.5277,-46918.5174
4.254797,-5.5071168,6795335.67,-2954.133,-323.2601,-46856.1628
4.777266,-0.7222076,6795345.32,-3197.567,-143.7596,-46791.1928
5.3267562,3.0917241,6795357.03,-3428.9317,14.9785,-46723.9816
5.8957169,6.1752791,6795370.81,-3655.8931,155.0436,-46654.1783
6.4790202,8.7043598,6795386.65,-3874.3766,279.9503,-46582.3346
7.0731181,10.8069246,6795404.54,-4089.2693,393.9222,-46508.1218
7.6755041,12.5766483,6795424.49,-4307.1447,500.6793,-46430.829
8.2843699,14.0828967,6795446.47,-4524.2769,593.95,-46350.8659
8.898385,15.3777292,6795470.49,-4741.6185,681.1648,-46268.0608
9.5165522,16.5007639,6795496.55,-4959.3608,766.4317,-46182.4427
10.1381115,17.4825637,6795524.62,-5176.4994,844.9216,-46094.293
10.7624747,18.3470137,6795554.71,-5389.399,919.0529,-46004.1367
11.3891801,19.1130083,6795586.8,-5604.048,1002.1111,-45910.9119
12.0178607,19.7956642,6795620.89,-5822.6145,1065.4694,-45815.0749
12.6482214,20.4072029,6795656.97,-6029.2312,1092.2123,-45718.9146
13.2800224,20.9576017,6795695.03,-6254.5269,1169.8927,-45616.2376
13.9130669,21.455079,6795735.05,-6485.2297,1249.7792,-45509.5086
14.5471919,21.9064607,6795777.03,-6681.5757,1266.3757,-45405.7239
15.1822615,22.31746,6795820.96,-6902.8796,1308.6743,-45293.6601
15.8181614,22.6928928,6795866.82,-7112.9382,1328.9556,-45179.7702
16.4547945,23.0368456,6795914.6,-7335.2637,1355.2417,-45059.5785
17.0920785,23.3528076,6795964.28,-7555.0994,1376.6995,-44935.8649
17.7299424,23.6437747,6796015.87,-7733.0153,1280.8745,-44819.6689
18.3683253,23.9123335,6796069.33,-7991.5877,1421.019,-44680.4906
19.0071741,24.1607283,6796124.66,-8239.5775,1540.2558,-44542.2166
19.646443,24.3909154,6796181.84,-8462.9332,1575.5017,-44409.7817
20.2860914,24.6046077,6796240.86,-8690.5925,1608.5349,-44274.7244
20.926084,24.8033114,6796301.69,-8918.647,1637.441,-44137.1066
21.5663895,24.9883559,6796364.33,-9150.4875,1662.974,-43995.9424
22.2069801,25.1609189,6796428.76,-9379.4422,1684.6042,-43852.0187
22.8478313,25.3220473,6796494.96,-9610.8182,1704.6547,-43703.7447
23.4889211,25.4726751,6796562.9,-9844.5865,1723.7866,-43550.724
24.1302297,25.6136377,6796632.59,-10079.1056,1741.3605,-43393.2639
24.7717396,25.7456851,6796703.99,-10313.9025,1757.2596,-43231.5943
25.4134348,25.8694919,6796777.08,-10549.3294,1771.8704,-43065.914
26.0553011,25.9856669,6796851.86,-10785.2329,1784.7321,-42896.6662
26.6973253,26.094761,6796928.29,-11022.5644,1796.1666,-42723.7012
27.3394958,26.1972735,6797006.36,-11261.0417,1805.846,-42547.0256
27.9818017,26.2936583,6797086.05,-11500.535,1813.6836,-42366.7033
28.6242334,26.384329,6797167.34,-11741.7224,1820.2949,-42182.3993
29.2667818,26.469663,6797250.19,-11984.6657,1825.4854,-41993.9776
29.9094388,26.5500056,6797334.6,-12228.8191,1829.8393,-41801.5998
30.5521969,26.625673,6797420.54,-12475.2916,1833.3282,-41604.9342
31.1950491,26.6969559,6797507.99,-12723.3933,1836.0498,-41404.2702
31.8379891,26.7641216,6797596.92,-12974.0752,1838.6828,-41198.9729
32.4810109,26.8274161,6797687.31,-13227.4395,1839.9755,-40988.8652
33.1241092,26.8870667,6797779.14,-13483.7256,1841.224,-40773.1013
33.767279,26.9432836,6797872.37,-13742.4909,1842.3323,-40551.4882
34.4105154,26.9962611,6797966.99,-14004.4425,1842.2628,-40323.2788
35.0538142,27.0461796,6798062.97,-14268.4188,1841.7513,-40088.4016
35.6971713,27.0932066,6798160.29,-14534.1554,1840.5183,-39846.4851
36.340583,27.1374975,6798258.91,-14801.6507,1838.6192,-39597.4676
36.9840457,27.1791975,6798358.81,-15070.7491,1836.0978,-39341.382
37.6275561,27.2184416,6798459.97,-15341.0467,1833.234,-39078.4974
38.2711111,27.2553558,6798562.36,-15612.6257,1829.8202,-38808.7248
38.9147078,27.2900581,6798665.95,-15885.8566,1825.8492,-38531.9826
39.5583436,27.3226587,6798770.72,-16160.3624,1821.8526,-38248.1291
40.2020157,27.3532608,6798876.63,-16436.8148,1818.2513,-37956.9685
40.8457219,27.3819613,6798983.66,-16714.4992,1814.2137,-37658.5095
41.4894597,27.4088511,6799091.79,-16993.6176,1809.875,-37352.3986
42.1332272,27.4340156,6799200.97,-17274.6117,1805.759,-37038.1962
42.7770222,27.4575351,6799311.19,-17557.3492,1801.5633,-36715.768
43.4208428,27.4794854,6799422.41,-17841.6589,1796.9376,-36384.7869
44.0646872,27.4999376,6799534.62,-18127.31,1792.0261,-36044.9435
44.7085537,27.5189591,6799647.77,-18414.0249,1786.4684,-35696.1987
45.3524405,27.5366134,6799761.84,-18702.0005,1780.8299,-35338.2368
45.9963463,27.5529604,6799876.81,-18990.6096,1775.3743,-34971.0894
46.6402693,27.568057,6799992.63,-19280.1217,1770.0471,-34594.4588
47.2842084,27.581957,6800109.29,-19570.6844,1764.5645,-34207.9922
47.928162,27.5947111,6800226.76,-19861.7934,1759.2669,-33811.5001
48.5721289,27.6063679,6800345,-20153.5225,1754.0138,-33404.6966
49.2161078,27.616973,6800463.99,-20445.5049,1748.6108,-32987.4363
49.8600977,27.62657,6800583.69,-20737.2613,1743.4068,-32559.4186
50.5040972,27.6352004,6800704.08,-21028.6842,1738.0807,-32120.4407
51.1481054,27.6429034,6800825.13,-21319.3922,1733.2339,-31670.4951
51.7921212,27.6497165,6800946.81,-21609.5027,1728.0867,-31209.2668
52.4361435,27.6556755,6801069.09,-21898.2685,1723.0702,-30736.9114
53.0801714,27.6608143,6801191.95,-22185.6504,1717.9847,-30253.146
53.724204,27.6651655,6801315.36,-22471.0128,1712.8568,-29758.1308
54.3682404,27.6687601,6801439.29,-22754.6045,1707.705,-29251.3745
55.0122797,27.6716276,6801563.72,-23035.9062,1702.4973,-28732.7853
55.6563212,27.6737963,6801688.62,-23314.3196,1697.3073,-28202.1956
56.3003639,27.6752935,6801813.96,-23589.7381,1691.7359,-27659.674
56.9444073,27.6761449,6801939.72,-23861.3664,1686.1669,-27105.3844
57.5884506,27.6763755,6802065.87,-24129.1575,1679.8616,-26539.1919
58.232493,27.6760091,6802192.38,-24392.6454,1673.3458,-25961.1711
58.8765339,27.6750685,6802319.21,-24651.5549,1666.5047,-25371.4543
59.5205726,27.6735757,6802446.35,-24905.5489,1659.4078,-24769.9066
60.1646085,27.6715518,6802573.75,-25154.2224,1652.0532,-24156.5748
60.8086409,27.669017,6802701.4,-25396.9708,1644.3411,-23531.5016
61.4526693,27.6659908,6802829.25,-25633.6231,1636.2552,-22894.6126
62.0966929,27.662492,6802957.29,-25863.4452,1627.8741,-22246.0802
62.7407113,27.6585387,6803085.49,-26085.8289,1618.8496,-21586.3883
63.3847239,27.6541483,6803213.82,-26300.4924,1609.347,-20915.3587
64.0287301,27.6493376,6803342.24,-26506.6369,1599.3832,-20233.6352
64.6727295,27.6441228,6803470.74,-26704.0695,1588.8194,-19541.364
65.3167214,27.6385195,6803599.29,-26892.2796,1577.4513,-18839.0227
65.9607054,27.632543,6803727.85,-27070.8283,1565.3633,-18126.7592
66.6046809,27.6262079,6803856.41,-27239.0513,1552.4138,-17405.2856
67.2486476,27.6195284,6803984.92,-27396.6909,1538.7103,-16674.7676
67.8926049,27.6125181,6804113.38,-27543.4651,1524.1526,-15935.9066
68.5365524,27.6051904,6804241.75,-27678.9512,1508.4783,-15189.2424
69.1804896,27.5975582,6804370,-27802.7961,1491.8083,-14435.248
69.8244161,27.5896341,6804498.12,-27914.5555,1474.0618,-13674.4473
70.4683315,27.5814301,6804626.07,-28013.9729,1455.4098,-12907.3417
71.1122353,27.5729581,6804753.83,-28100.5087,1435.6876,-12134.5359
71.7561271,27.5642297,6804881.37,-28173.8781,1415.1369,-11356.9028
72.4000065,27.555256,6805008.68,-28234.0116,1393.5308,-10574.8346
73.0438732,27.546048,6805135.72,-28280.6676,1370.7897,-9788.9973
73.6877267,27.5366163,6805262.47,-28313.5923,1346.8076,-9000.4495
74.3315667,27.5269712,6805388.92,-28332.8091,1321.7049,-8209.2502
74.9753928,27.5171229,6805515.03,-28337.9482,1295.1856,-7416.5638
75.6192046,27.5070814,6805640.78,-28328.8986,1267.3736,-6622.6215
76.2630017,27.4968562,6805766.15,-28305.4062,1238.4512,-5828.5389
76.9067839,27.486457,6805891.13,-28267.5205,1208.1174,-5034.8845
77.5505507,27.475893,6806015.68,-28214.8877,1176.2845,-4242.3118
78.1943019,27.4651733,6806139.79,-28147.583,1143.433,-3451.5504
78.8380371,27.4543068,6806263.43,-28065.4802,1109.0951,-2663.6267
79.4817559,27.4433025,6806386.59,-27968.5937,1073.1178,-1879.2625
80.1254581,27.4321688,6806509.24,-27856.8612,1035.7816,-1099.4698
80.7691433,27.4209144,6806631.37,-27730.3901,996.9781,-324.7553
81.4128113,27.4095475,6806752.95,-27589.217,956.4111,443.5156
82.0564616,27.3980765,6806873.98,-27433.7427,914.0737,1204.8499
82.7000941,27.3865095,6806994.42,-27264.1721,870.1485,1958.3478
83.3437085,27.3748546,6807114.26,-27080.8587,824.5578,2703.0459
83.9873043,27.3631196,6807233.48,-26884.2032,777.2699,3438.4277
84.6308815,27.3513126,6807352.06,-26674.7133,728.2508,4163.7352
85.2744396,27.3394413,6807469.99,-26452.6613,677.5197,4878.1209
85.9179783,27.3275134,6807587.26,-26218.2996,625.0995,5581.3727
86.5614976,27.3155366,6807703.83,-25972.3165,571.3254,6272.7644
87.2049969,27.3035186,6807819.7,-25715.0429,515.7668,6951.8526
87.8484762,27.291467,6807934.85,-25446.7632,458.5032,7618.2138
88.4919351,27.2793892,6808049.27,-25167.6743,399.6752,8271.6321
89.1353733,27.2672929,6808162.94,-24878.1343,338.8149,8911.0333
89.7787907,27.2551855,6808275.84,-24578.5504,276.3059,9536.2232
90.4221869,27.2430745,6808387.96,-24269.3329,211.9447,10146.2776
91.0655617,27.2309674,6808499.29,-23951.0518,145.7022,10740.7969
91.7089148,27.2188718,6808609.81,-23624.0327,77.7797,11319.3104
92.3522461,27.2067951,6808719.52,-23288.9488,8.1073,11881.0671
92.9955553,27.1947449,6808828.39,-22946.3735,-63.5926,12425.7403
93.638842,27.1827286,6808936.41,-22596.8834,-136.945,12952.8467
94.2821062,27.1707539,6809043.58,-22241.2509,-212.3015,13462.0119
94.9253475,27.1588284,6809149.89,-21880.2515,-289.4406,13952.677
95.5685658,27.1469598,6809255.31,-21514.576,-368.6833,14424.9678
96.2117607,27.1351557,6809359.85,-21145.4005,-449.4243,14878.0794
96.8549322,27.1234241,6809463.48,-20773.1091,-531.6978,15312.2868
97.4980798,27.1117726,6809566.21,-20398.5565,-615.8373,15727.5675
98.1412035,27.1002094,6809668.01,-20022.2776,-701.5837,16124.0318
98.7843029,27.0887425,6809768.89,-19645.2636,-788.8028,16501.4628
99.4273779,27.0773799,6809868.82,-19268.1582,-877.5753,16859.9502
100.0704282,27.0661299,6809967.81,-18891.8039,-968.0349,17199.5708
100.7134537,27.0550009,6810065.84,-18516.9336,-1060.0459,17520.789
101.3564539,27.0440014,6810162.9,-18144.5081,-1153.5705,17823.5147
101.9994289,27.03314,6810259,-17774.8079,-1248.4715,18108.4111
102.6423782,27.0224256,6810354.11,-17408.2039,-1344.7568,18376.1474
103.2853017,27.0118669,6810448.24,-17045.7427,-1442.7273,18626.4361
103.9281992,27.0014732,6810541.38,-16687.6438,-1541.9232,18859.9089
104.5710704,26.9912537,6810633.52,-16334.7367,-1642.1717,19076.8589
105.213915,26.9812179,6810724.66,-15987.6863,-1744.0306,19277.5693
105.856733,26.9713755,6810814.79,-15646.8243,-1846.9048,19462.619
106.4995239,26.9617364,6810903.91,-15312.6821,-1950.8271,19632.4802
107.1422877,26.9523107,6810992.01,-14985.9801,-2055.6623,19787.5269
107.785024,26.9431088,6811079.09,-14667.1675,-2161.7839,19928.7547
108.4277327,26.9341412,6811165.15,-14356.6722,-2268.9149,20056.6619
109.0704134,26.925419,6811250.19,-14054.8974,-2376.5303,20171.8792
109.713066,26.9169532,6811334.19,-13762.0264,-2485.0833,20275.2086
110.3556901,26.9087554,6811417.17,-13478.3407,-2594.3987,20367.2004
110.9982856,26.9008373,6811499.11,-13204.3049,-2704.1843,20448.3788
111.6408521,26.8932112,6811580.01,-12940.1391,-2814.5819,20519.5892
112.2833895,26.8858895,6811659.88,-12686.3642,-2925.2346,20581.2898
112.9258974,26.8788851,6811738.72,-12442.7054,-3035.9878,20634.6264
113.5683756,26.8722113,6811816.51,-12209.4065,-3147.4883,20680.1805
114.2108238,26.8658818,6811893.27,-11986.7651,-3259.1147,20718.7791
114.8532418,26.8599106,6811968.98,-11774.6944,-3371.22,20751.1269
115.4956291,26.8543126,6812043.66,-11573.2917,-3483.6829,20777.9553
116.1379856,26.8491027,6812117.3,-11382.6382,-3596.1548,20799.9692
116.7803109,26.8442965,6812189.9,-11202.6921,-3708.9434,20817.9515
117.4226046,26.8399103,6812261.47,-11033.3531,-3821.7252,20832.6472
118.0648666,26.8359608,6812332,-10874.4821,-3934.3478,20844.7511
118.7070963,26.8324654,6812401.5,-10725.8087,-4047.1845,20854.9186
119.3492936,26.8294422,6812469.97,-10587.4054,-4159.7297,20863.6609
119.9914579,26.8269097,6812537.41,-10458.8724,-4271.7705,20871.7428
120.6335889,26.8248875,6812603.82,-10340.0176,-4383.5605,20879.6006
121.2756863,26.8233958,6812669.22,-10230.4749,-4495.4207,20887.6965
121.9177495,26.8224556,6812733.6,-10130.0058,-4606.9145,20896.6387
122.5597783,26.8220886,6812796.97,-10038.6153,-4718.108,20906.8942
123.2017721,26.8223178,6812859.34,-9955.9849,-4828.8464,20918.9713
123.8437305,26.8231669,6812920.71,-9881.7512,-4939.1365,20933.5109
124.485653,26.8246605,6812981.08,-9815.701,-5048.878,20950.8974
125.1275392,26.8268247,6813040.47,-9757.3325,-5157.7863,20971.405
125.7693885,26.8296862,6813098.87,-9706.1661,-5266.1987,20995.3498
126.4112004,26.8332734,6813156.3,-9662.0195,-5374.3166,21022.963
127.0529744,26.8376158,6813212.76,-9624.5178,-5481.9359,21054.5171
127.6947097,26.8427441,6813268.26,-9593.5513,-5588.9311,21090.2304
128.3364059,26.8486908,6813322.8,-9569.1428,-5694.7967,21130.4586
128.9780623,26.8554897,6813376.39,-9550.7223,-5800.4618,21175.1665
129.6196781,26.8631763,6813429.03,-9538.2526,-5905.6873,21224.8212
130.2612526,26.8717879,6813480.73,-9531.566,-6010.1422,21279.4909
130.9027852,26.8813637,6813531.5,-9530.2143,-6113.9128,21339.5297
131.5442749,26.8919448,6813581.35,-9533.9232,-6217.0534,21405.2355
132.1857208,26.9035745,6813630.28,-9542.6563,-6319.7537,21476.7045
132.8271222,26.9162984,6813678.29,-9556.0396,-6421.6973,21554.2715
133.468478,26.9301646,6813725.41,-9573.8677,-6523.3154,21638.1975
134.1097873,26.9452236,6813771.63,-9595.8827,-6624.4019,21728.7086
134.7510488,26.9615288,6813816.97,-9621.7747,-6725.0587,21826.1359
135.3922616,26.9791368,6813861.42,-9651.1686,-6824.9809,21930.6457
136.0334244,26.998107,6813905.01,-9683.6574,-6924.3955,22042.33
136.6745359,27.0185027,6813947.73,-9718.7866,-7023.5721,22161.2604
137.3155946,27.0403907,6813989.6,-9756.5811,-7121.8726,22287.4874
137.9565993,27.0638416,6814030.62,-9796.5734,-7219.5375,22421.1489
138.5975483,27.0889307,6814070.8,-9838.4666,-7316.6565,22562.1566
139.2384399,27.1157377,6814110.16,-9881.8593,-7413.1104,22710.7996
139.8792723,27.1443474,6814148.69,-9926.5663,-7508.7095,22867.0395
140.5200438,27.17485,6814186.41,-9972.4934,-7603.835,23030.7374
141.1607521,27.2073415,6814223.32,-10019.4267,-7698.5448,23201.9863
141.8013952,27.2419244,6814259.44,-10067.0755,-7792.6663,23380.8903
142.4419708,27.278708,6814294.76,-10115.0476,-7886.4029,23567.5866
143.0824762,27.3178091,6814329.31,-10163.2867,-7979.6972,23762.0424
143.7229089,27.3593527,6814363.09,-10211.6354,-8072.1935,23964.2066
144.3632659,27.4034727,6814396.11,-10259.3922,-8164.4498,24174.1374
145.0035441,27.4503126,6814428.38,-10306.0319,-8255.8573,24392.2264
145.6437402,27.5000265,6814459.9,-10351.5637,-8347.148,24617.939
146.2838504,27.5527803,6814490.69,-10395.7859,-8438.0628,24851.4102
146.923871,27.6087525,6814520.75,-10438.177,-8528.1065,25092.6948
147.5637977,27.6681353,6814550.1,-10478.8756,-8617.5435,25341.3422
148.2036259,27.7311367,6814578.74,-10516.9955,-8705.7133,25597.7104
148.8433505,27.7979812,6814606.68,-10552.6392,-8793.7228,25861.2255
149.4829663,27.8689123,6814633.94,-10586.0133,-8881.7785,26131.48
150.1224672,27.944194,6814660.51,-10614.5711,-8968.917,26409.5358
150.761847,28.0241133,6814686.41,-10639.1192,-9055.3845,26695.1135
151.4010985,28.1089825,6814711.65,-10663.2618,-9142.2552,26985.8848
152.0402141,28.1991425,6814736.23,-10683.3478,-9226.5379,27284.5657
152.6791853,28.2949654,6814760.17,-10699.5075,-9312.3675,27589.491
153.3180031,28.3968591,6814783.47,-10710.3922,-9398.9779,27901.4377
153.9566572,28.505271,6814806.14,-10716.21,-9483.3251,28221.1036
154.5951364,28.620693,6814828.19,-10719.4757,-9567.3591,28546.6085
155.2334284,28.7436673,6814849.62,-10718.0699,-9651.0969,28878.562
155.8715194,28.8747933,6814870.45,-10710.055,-9732.6301,29218.027
156.5093944,29.0147344,6814890.68,-10696.0498,-9815.552,29563.2881
157.1470363,29.1642276,6814910.32,-10673.9161,-9899.627,29915.0061
157.7844263,29.3240938,6814929.38,-10643.5156,-9985.1234,30272.3868
158.4215433,29.4952498,6814947.86,-10610.3001,-10062.1578,30636.4653
159.0583636,29.6787225,6814965.76,-10571.1044,-10140.1238,31004.963
159.6948605,29.8756666,6814983.11,-10521.1702,-10225.5027,31377.021
160.3310037,30.0873841,6814999.89,-10457.4914,-10312.568,31755.2043
160.966759,30.3153489,6815016.12,-10411.29,-10344.3898,32147.555
161.6020875,30.5612362,6815031.8,-10351.2117,-10400.7372,32538.1516
162.2369446,30.8269572,6815046.94,-10225.3634,-10558.7783,32917.8727
162.871279,31.1147019,6815061.55,-10103.1623,-10684.5127,33306.0403
163.5050319,31.4269921,6815075.62,-9982.1553,-10738.5677,33715.3518
164.1381346,31.7667452,6815089.17,-9849.3685,-10820.2837,34117.5158
164.7705074,32.1373546,6815102.19,-9689.5184,-10926.8644,34517.1886
165.4020567,32.5427897,6815114.7,-9523.0918,-10998.9809,34926.8046
166.0326721,32.9877214,6815126.7,-9304.9567,-11153.243,35321.1402
166.6622223,33.4776826,6815138.2,-9075.416,-11261.8568,35728.7526
167.2905505,34.019273,6815149.19,-8857.4441,-11338.0074,36139.2523
167.9174671,34.6204239,6815159.69,-8611.6449,-11437.4017,36544.7934
168.5427419,35.2907455,6815169.7,-8327.6138,-11576.005,36941.6898
169.166092,36.0419847,6815179.22,-8029.4367,-11676.5953,37347.4884
169.7871661,36.8886375,6815188.26,-7693.0966,-11821.5182,37740.4885
170.4055237,37.8487766,6815196.82,-7327.6889,-11945.6328,38137.8001
171.0206049,38.9451854,6815204.91,-6887.744,-12099.8999,38530.4005
171.6316886,40.2069302,6815212.53,-6456.2589,-12232.8429,38917.6874
172.2378319,41.6715665,6815219.68,-5953.6065,-12356.8574,39308.1116
172.8377818,43.3882731,6815226.36,-5394.6685,-12455.6278,39702.2109
173.429843,45.42234,6815232.58,-4777.3224,-12499.4789,40107.509
174.0116764,47.8616177,6815238.34,-4015.1879,-12652.7055,40478.364
174.5799887,50.8257125,6815243.65,-3168.456,-12759.3354,40850.3431
175.1300453,54.4786773,6815248.5,-2151.0044,-12844.4014,41214.7564
175.6549091,59.0449861,6815252.9,-931.7113,-12852.6817,41576.7338
176.1442795,64.8245543,6815256.85,525.8476,-12748.7667,41928.486
176.5828746,72.190163,6815260.36,2299.7401,-12378.159,42285.8272
176.9487211,81.5217188,6815263.41,4421.9084,-11612.0506,42633.7968
177.2130221,92.9965392,6815266.02,6724.2801,-10250.7195,42973.9215
177.3452742,106.219365,6815268.19,8909.4234,-8182.7414,43304.4689
177.3258141,120.012106,6815269.92,10553.5849,-5528.9808,43631.9395
177.1577568,132.876443,6815271.21,11444.39,-2801.6437,43936.296
176.8649085,143.819171,6815272.05,11632.5374,-349.1556,44234.683
176.4782636,152.625368,6815272.45,11437.3486,1691.6068,44505.0465
176.0250993,159.553764,6815272.41,10950.1911,3218.4092,44784.4491
175.5255806,164.995046,6815271.92,10324.662,4390.1117,45064.9755
174.9935629,169.306178,6815270.99,9633.7504,5205.9724,45353.2899
174.4383642,172.767134,6815269.62,8926.2134,6091.1848,45601.2186
173.8662751,175.585571,6815267.8,8288.7916,6663.7104,45845.8016
173.2816083,177.912944,6815265.52,7699.9042,7123.6894,46073.8909
172.6873792,179.859813,6815262.8,7136.1853,7485.1937,46291.9704
172.0857406,-178.492401,6815259.63,6595.7102,7784.6114,46497.3907
171.4782607,-177.082983,6815256,6043.8985,8008.9991,46699.1806
170.8661041,-175.866044,6815251.92,5512.895,8202.9077,46886.3744
170.2501507,-174.806419,6815247.37,4997.2965,8360.9976,47061.6718
169.631076,-173.876803,6815242.37,4507.4145,8541.5361,47214.1627
169.0094067,-173.055728,6815236.89,4003.8339,8661.3922,47363.0738
168.3855582,-172.326114,6815230.95,3527.7236,8786.9752,47493.098
167.7598629,-171.674228,6815224.54,3053.7402,8906.1278,47608.7798
167.1325891,-171.08891,6815217.65,2582.8395,8979.5406,47717.586
166.503956,-170.561013,6815210.27,2113.387,9071.6514,47807.9744
165.8741439,-170.082967,6815202.42,1629.8235,9054.7766,47904.9563
165.2433028,-169.648466,6815194.07,1156.8586,9084.425,47978.2396
164.6115582,-169.252211,6815185.23,677.6195,9059.8683,48047.6137
163.9790159,-168.889721,6815175.89,226.3511,9107.4874,48088.6113
163.3457659,-168.557183,6815166.04,-215.9021,9130.8754,48120.3258
162.7118848,-168.251331,6815155.68,-679.9599,9068.195,48154.3457
162.0774386,-167.969355,6815144.81,-1116.8753,8921.8443,48190.6946
161.4424841,-167.708822,6815133.41,-1522.5215,9036.9152,48165.6206
160.8070708,-167.467617,6815121.49,-1929.3054,9082.2818,48140.2354
160.1712416,-167.243892,6815109.02,-2353.8074,9101.1635,48105.1098
159.5350344,-167.036025,6815096.02,-2758.1466,9131.1968,48054.7173
158.8984823,-166.842588,6815082.46,-3152.3279,9178.3349,47987.3686
158.2616144,-166.662318,6815068.34,-3559.1354,9178.4695,47913.8929
157.6244568,-166.494096,6815053.65,-3959.1592,9194.8498,47823.9716
156.9870324,-166.336922,6815038.39,-4358.2359,9205.5422,47721.5746
156.3493617,-166.189906,6815022.54,-4765.0811,9219.3405,47604.482
155.7114632,-166.05225,6815006.1,-5146.5116,9186.2478,47486.1336
155.0733532,-165.923234,6814989.06,-5559.0179,9179.5363,47346.862
154.4350467,-165.802214,6814971.41,-5953.5049,9135.4454,47204.6563
153.7965568,-165.688604,6814953.13,-6346.4058,9116.496,47045.9085
153.1578956,-165.581876,6814934.23,-6720.9968,9090.2423,46879.6184
152.5190742,-165.481549,6814914.69,-7098.2288,9060.1568,46702.6969
151.8801023,-165.387187,6814894.51,-7471.9246,9029.8514,46515.585
151.240989,-165.298391,6814873.67,-7841.3745,8998.8879,46318.6122
150.6017425,-165.214797,6814852.16,-8201.6088,8964.4784,46113.4003
149.9623702,-165.136071,6814829.98,-8561.9724,8931.7619,45897.7037
149.3228791,-165.061909,6814807.12,-8916.6935,8896.4245,45673.7375
148.6832755,-164.992029,6814783.57,-9266.8217,8857.3772,45441.9011
148.043565,-164.926172,6814759.31,-9611.7605,8820.9507,45201.2646
147.4037529,-164.8641,6814734.35,-9953.5311,8783.8698,44952.2872
146.7638443,-164.805592,6814708.67,-10290.0722,8745.6265,44695.8265
146.1238434,-164.750446,6814682.25,-10623.2316,8704.9867,44431.9691
145.4837546,-164.698471,6814655.1,-10952.1069,8664.065,44160.8668
144.8435816,-164.649494,6814627.2,-11276.1982,8623.1789,43882.6344
144.2033279,-164.603351,6814598.55,-11596.0375,8582.3016,43597.5562
143.5629969,-164.55989,6814569.12,-11911.7458,8540.8415,43305.8792
142.9225916,-164.518972,6814538.92,-12223.5197,8499.3983,43007.6347
142.2821148,-164.480463,6814507.93,-12530.9188,8457.0201,42703.5333
141.6415692,-164.444242,6814476.15,-12834.9074,8414.9021,42393.1501
141.0009573,-164.410194,6814443.56,-13134.46,8372.7101,42076.9756
140.3602812,-164.37821,6814410.16,-13430.1078,8329.7969,41755.2749
139.7195432,-164.348191,6814375.93,-13722.6536,8286.1539,41428.2549
139.0787452,-164.320042,6814340.87,-14012.4277,8242.0367,41095.7824
138.4378891,-164.293673,6814304.97,-14299.4876,8196.929,40757.8696
137.7969767,-164.269002,6814268.21,-14582.5699,8151.584,40415.0344
137.1560095,-164.245949,6814230.59,-14862.7857,8106.9004,40066.8755
136.5149891,-164.224442,6814192.1,-15140.7789,8062.3826,39713.2931
135.873917,-164.204409,6814152.73,-15416.1002,8016.5972,39354.6049
135.2327944,-164.185786,6814112.47,-15688.8346,7970.844,38990.6771
134.5916226,-164.16851,6814071.32,-15958.891,7925.2776,38621.5526
133.9504029,-164.152522,6814029.25,-16225.8352,7879.7226,38247.5032
133.3091363,-164.137767,6813986.27,-16490.7868,7834.4339,37868.099
132.6678239,-164.124192,6813942.37,-16753.5203,7788.1799,37483.9004
132.0264667,-164.111746,6813897.53,-17013.8201,7742.0378,37094.8081
131.3850657,-164.100384,6813851.76,-17271.8429,7695.7125,36700.7905
130.7436217,-164.090058,6813805.03,-17528.1968,7648.9384,36301.6022
130.1021356,-164.080728,6813757.34,-17782.7251,7602.5005,35897.0777
129.4606081,-164.072352,6813708.69,-18035.6385,7555.4872,35487.1408
128.8190401,-164.064892,6813659.07,-18286.55,7508.2187,35071.8662
128.1774321,-164.05831,6813608.47,-18535.4852,7459.9361,34651.2848
127.5357851,-164.052572,6813556.87,-18782.8956,7411.9731,34224.9049
126.8940995,-164.047644,6813504.29,-19028.1383,7363.6285,33793.1115
126.2523759,-164.043495,6813450.7,-19271.4674,7315.0783,33355.7284
125.6106151,-164.040093,6813396.1,-19512.0971,7266.5501,32912.9158
124.9688174,-164.03741,6813340.49,-19751.0992,7217.6537,32464.2434
124.3269835,-164.035417,6813283.86,-19989.0186,7168.8793,32009.1121
123.6851139,-164.034089,6813226.21,-20224.2948,7120.076,31548.2332
123.043209,-164.033398,6813167.52,-20457.7092,7070.4471,31081.3301
122.4012694,-164.033322,6813107.8,-20688.8534,7021.215,30608.1912
121.7592954,-164.033837,6813047.04,-20917.5955,6972.2554,30128.8664
121.1172874,-164.034919,6812985.24,-21143.8876,6922.7073,29643.5045
120.475246,-164.036547,6812922.38,-21367.7843,6873.0639,29151.8937
119.8331714,-164.038701,6812858.47,-21588.5812,6823.3938,28654.3637
119.1910641,-164.04136,6812793.5,-21807.1675,6772.8368,28150.4209
118.5489244,-164.044506,6812727.47,-22023.3756,6721.7358,27639.8832
117.9067526,-164.048119,6812660.38,-22234.6579,6672.169,27124.1699
117.2645492,-164.052183,6812592.22,-22443.9733,6622.3965,26601.0643
116.6223144,-164.056678,6812522.99,-22650.0848,6571.9471,26071.6305
115.9800486,-164.06159,6812452.69,-22852.2331,6520.9283,25536.2122
115.337752,-164.066902,6812381.31,-23051.18,6470.1048,24993.7993
114.695425,-164.072598,6812308.86,-23245.8941,6418.4662,24445.6353
114.0530678,-164.078664,6812235.33,-23436.787,6366.8351,23890.8611
113.4106808,-164.085085,6812160.73,-23623.5153,6314.756,23329.9626
112.7682642,-164.091847,6812085.04,-23805.1282,6263.4207,22763.5829
112.1258182,-164.098936,6812008.28,-23982.5859,6210.7463,22191.2859
111.4833432,-164.106339,6811930.43,-24154.7221,6158.6829,21613.7019
110.8408394,-164.114044,6811851.51,-24322.8816,6106.7054,21029.3352
110.1983071,-164.122038,6811771.51,-24485.713,6054.4571,20439.9155
109.5557464,-164.130308,6811690.43,-24643.3148,6002.2385,19844.9001
108.9131577,-164.138844,6811608.27,-24794.9241,5949.8381,19245.2212
108.2705412,-164.147634,6811525.04,-24941.6258,5896.7174,18639.814
107.6278971,-164.156667,6811440.74,-25081.7724,5844.2211,18030.1146
106.9852257,-164.165931,6811355.37,-25216.4506,5792.9138,17414.4307
106.3425272,-164.175417,6811268.93,-25344.0752,5742.772,16795.0989
105.6998018,-164.185114,6811181.43,-25466.893,5688.2978,16170.6776
105.0570497,-164.195011,6811092.87,-25581.7151,5636.6799,15543.5188
104.4142713,-164.2051,6811003.25,-25689.6392,5586.4877,14912.9214
103.7714666,-164.215371,6810912.59,-25791.65,5533.4333,14278.9878
103.1286359,-164.225813,6810820.87,-25886.2671,5481.8907,13642.7976
102.4857795,-164.236418,6810728.11,-25974.015,5431.9463,13003.7855
101.8428975,-164.247177,6810634.32,-26055.3721,5380.3566,12362.8273
101.1999902,-164.258081,6810539.49,-26130.0527,5330.5544,11718.3191
100.5570579,-164.269121,6810443.65,-26195.6581,5281.8837,11076.5299
99.9141006,-164.280289,6810346.78,-26255.8672,5231.2859,10430.6793
99.2711187,-164.291575,6810248.9,-26309.6454,5181.5836,9781.2749
98.6281123,-164.302973,6810150.02,-26354.3617,5134.1399,9134.4302
97.9850818,-164.314472,6810050.15,-26392.75,5086.5468,8484.7748
97.3420272,-164.326066,6809949.29,-26423.8844,5040.5965,7833.9505
96.6989489,-164.337747,6809847.45,-26446.9052,4996.2201,7184.4872
96.055847,-164.349505,6809744.64,-26462.8662,4951.5592,6534.5116
95.4127218,-164.361335,6809640.87,-26471.0715,4907.0421,5886.9914
94.7695735,-164.373227,6809536.16,-26472.7273,4860.659,5239.8962
94.1264023,-164.385174,6809430.5,-26466.8708,4815.4016,4595.9913
93.4832085,-164.397169,6809323.92,-26453.8845,4772.0385,3953.4704
92.8399923,-164.409203,6809216.43,-26434.1715,4728.7687,3314.1093
92.1967539,-164.421269,6809108.03,-26407.5988,4687.1253,2678.6298
91.5534936,-164.433361,6808998.74,-26374.6287,4647.0953,2045.1958
90.9102115,-164.445469,6808888.56,-26335.2753,4607.7026,1415.9893
90.266908,-164.457587,6808777.53,-26289.6769,4569.4378,790.2071
89.6235833,-164.469707,6808665.64,-26238.079,4531.686,167.6475
88.9802377,-164.481822,6808552.92,-26180.5053,4494.5893,-450.9441
88.3368713,-164.493924,6808439.37,-26117.0222,4458.2694,-1064.7111
87.6934844,-164.506005,6808325.01,-26047.8901,4422.919,-1673.6718
87.0500773,-164.518059,6808209.86,-25973.2419,4388.5019,-2278.9076
86.4066502,-164.530077,6808093.93,-25893.8418,4353.5717,-2878.2193
85.7632035,-164.542052,6807977.25,-25809.9206,4318.1284,-3471.6051
85.1197373,-164.553977,6807859.81,-25721.6124,4285.3059,-4057.4311
84.4762519,-164.565843,6807741.65,-25629.207,4252.3186,-4639.584
83.8327476,-164.577643,6807622.77,-25532.1417,4223.5911,-5216.0779
83.1892248,-164.58937,6807503.2,-25431.3658,4196.0384,-5786.3002
82.5456835,-164.601014,6807382.96,-25327.0188,4166.757,-6351.8166
81.9021243,-164.612569,6807262.06,-25219.6642,4138.9306,-6909.8422
81.2585472,-164.624026,6807140.52,-25109.2266,4112.9172,-7461.6185
80.6149527,-164.635377,6807018.36,-24996.3714,4083.9891,-8008.5511
79.971341,-164.646613,6806895.6,-24882.0183,4055.7668,-8547.4785
79.3277124,-164.657727,6806772.27,-24765.3697,4030.5955,-9080.4475
78.6840673,-164.66871,6806648.37,-24647.3176,4004.809,-9607.5785
78.0404059,-164.679552,6806523.94,-24527.3415,3978.1041,-10130.0436
77.3967286,-164.690246,6806398.99,-24406.619,3953.8495,-10644.0532
76.7530356,-164.700783,6806273.55,-24284.7235,3933.3538,-11151.2229
76.1093274,-164.711152,6806147.64,-24161.0661,3909.3114,-11655.8263
75.4656042,-164.721345,6806021.27,-24037.7596,3886.125,-12152.5218
74.8218664,-164.731353,6805894.48,-23913.6223,3865.2857,-12643.7548
74.1781143,-164.741165,6805767.28,-23789.8687,3844.7783,-13128.8159
73.5343483,-164.750772,6805639.7,-23665.8473,3822.6636,-13610.2516
72.8905688,-164.760163,6805511.76,-23542.6888,3803.4808,-14084.9423
72.246776,-164.769328,6805383.49,-23419.6838,3782.4627,-14555.747
71.6029705,-164.778256,6805254.91,-23297.164,3761.8609,-15022.0493
70.9591525,-164.786937,6805126.04,-23176.184,3742.2382,-15482.3557
70.3153225,-164.795359,6804996.91,-23055.1357,3724.266,-15939.197
69.6714808,-164.80351,6804867.55,-22935.5141,3704.6223,-16392.0095
69.0276279,-164.811378,6804737.97,-22817.0871,3686.9014,-16840.5255
68.3837642,-164.818952,6804608.2,-22699.9071,3667.8013,-17285.7418
67.7398902,-164.826219,6804478.27,-22583.4815,3649.7403,-17728.144
67.0960062,-164.833165,6804348.2,-22468.9291,3633.4876,-18166.1905
66.4521127,-164.839777,6804218.03,-22355.6626,3616.016,-18601.5769
65.8082103,-164.846042,6804087.77,-22243.0201,3598.819,-19035.18
65.1642993,-164.851946,6803957.46,-22132.5565,3579.8495,-19465.4132
64.5203803,-164.857472,6803827.12,-22023.1547,3564.0552,-19893.2019
63.8764537,-164.862607,6803696.77,-21914.6132,3548.0601,-20319.4584
63.2325202,-164.867334,6803566.46,-21807.6611,3531.5279,-20744.0191
62.5885801,-164.871638,6803436.2,-21702.0299,3513.6713,-21167.3439
61.9446341,-164.8755,6803306.02,-21597.4059,3496.4489,-21589.657
61.3006827,-164.878904,6803175.96,-21494.185,3480.3173,-22010.636
60.6567265,-164.881832,6803046.04,-21392.4047,3463.6076,-22430.7126
60.012766,-164.884263,6802916.29,-21291.5009,3445.9353,-22850.6665
59.3688019,-164.88618,6802786.74,-21190.2299,3428.135,-23271.6873
58.7248348,-164.88756,6802657.42,-21090.0842,3411.3477,-23691.9871
58.0808653,-164.888384,6802528.36,-20989.9815,3394.0865,-24112.7364
57.4368942,-164.888629,6802399.59,-20889.7535,3377.1978,-24533.8737
56.7929219,-164.888272,6802271.14,-20789.5371,3359.6984,-24955.3784
56.1489494,-164.887288,6802143.03,-20688.9756,3342.2635,-25377.4156
55.5049773,-164.885653,6802015.3,-20588.0023,3323.9872,-25800.2849
54.8610063,-164.88334,6801887.98,-20485.9424,3306.208,-26224.3893
54.2170373,-164.880323,6801761.09,-20383.7171,3288.7132,-26649.0579
53.573071,-164.876572,6801634.67,-20280.3924,3270.963,-27075.1458
52.9291083,-164.872058,6801508.74,-20175.4535,3253.0838,-27502.7549
52.2851501,-164.866749,6801383.34,-20068.7042,3235.6943,-27931.5857
51.6411973,-164.860613,6801258.48,-19959.6855,3217.0928,-28361.8463
50.9972509,-164.853615,6801134.21,-19848.3663,3196.8821,-28793.2188
50.3533117,-164.845719,6801010.55,-19733.793,3178.776,-29225.8704
49.709381,-164.836886,6800887.52,-19616.4501,3157.999,-29659.6494
49.0654596,-164.827079,6800765.17,-19496.2137,3137.5233,-30094.0974
48.4215489,-164.816254,6800643.51,-19371.5263,3117.1474,-30530.0448
47.7776498,-164.804367,6800522.57,-19244.3674,3095.5,-30966.013
47.1337638,-164.791373,6800402.39,-19112.1304,3074.6751,-31403.0889
46.4898919,-164.777222,6800282.99,-18975.8849,3052.7494,-31840.3285
45.8460357,-164.761863,6800164.4,-18835.4892,3029.9666,-32277.569
45.2021965,-164.745241,6800046.64,-18689.6071,3006.5306,-32715.031
44.5583759,-164.727299,6799929.76,-18539.0497,2982.7429,-33152.0817
43.9145753,-164.707976,6799813.76,-18383.2007,2957.3744,-33588.7829
43.2707964,-164.687208,6799698.69,-18222.5536,2932.8321,-34024.4566
42.6270411,-164.664926,6799584.57,-18055.917,2906.7562,-34459.6956
41.983311,-164.641059,6799471.42,-17883.5673,2881.7573,-34893.5762
41.3396082,-164.61553,6799359.27,-17705.0606,2855.3398,-35326.1161
40.6959347,-164.588257,6799248.16,-17520.6415,2827.6914,-35756.7739
40.0522927,-164.559154,6799138.1,-17330.0719,2799.2174,-36185.3725
39.4086845,-164.528128,6799029.13,-17133.4756,2769.9475,-36611.4968
38.7651125,-164.495082,6798921.28,-16929.5496,2741.5468,-37035.2606
38.1215793,-164.45991,6798814.56,-16718.3991,2710.2667,-37456.2851
37.4780877,-164.422501,6798709.01,-16500.0167,2679.7092,-37873.3169
36.8346407,-164.382734,6798604.65,-16274.4346,2648.2362,-38285.7764
36.1912412,-164.340483,6798501.51,-16042.1262,2616.2831,-38692.7193
35.5478928,-164.295609,6798399.62,-15802.2688,2582.5391,-39094.3075
34.9045989,-164.247966,6798298.99,-15555.2376,2548.7211,-39489.9401
34.2613634,-164.197395,6798199.66,-15302.3634,2514.8482,-39878.937
33.6181905,-164.143727,6798101.66,-15041.9399,2477.8495,-40261.5365
32.9750845,-164.086776,6798004.99,-14775.4535,2441.8895,-40636.5698
32.3320502,-164.026347,6797909.7,-14502.3548,2404.6104,-41004.0233
31.6890928,-163.962225,6797815.81,-14223.2452,2366.5648,-41363.6012
31.0462177,-163.894178,6797723.33,-13938.567,2326.9821,-41715.0451
30.403431,-163.821957,6797632.3,-13648.2612,2287.9837,-42058.0922
29.7607391,-163.745288,6797542.74,-13352.247,2248.2683,-42392.4105
29.1181492,-163.663876,6797454.67,-13050.5986,2207.2883,-42717.6329
28.4756688,-163.577397,6797368.12,-12744.0124,2166.3397,-43033.4825
27.8333063,-163.485501,6797283.11,-12432.7149,2123.8308,-43339.7067
27.1910708,-163.387801,6797199.66,-12116.9642,2080.9231,-43636.0975
26.5489723,-163.283876,6797117.8,-11797.4509,2037.6579,-43922.3808
25.9070218,-163.173261,6797037.54,-11473.726,1992.4744,-44198.5296
25.2652312,-163.055447,6796958.91,-11146.7521,1946.7253,-44464.1701
24.623614,-162.92987,6796881.93,-10816.8985,1900.6759,-44719.1688
23.9821847,-162.795907,6796806.62,-10484.0827,1854.6282,-44963.384
23.3409596,-162.652867,6796733,-10149.5107,1807.6814,-45196.5628
22.6999567,-162.499982,6796661.1,-9811.0934,1761.8756,-45419.0335
22.0591963,-162.336396,6796590.92,-9468.3247,1710.5409,-45630.9689
21.4187009,-162.16115,6796522.49,-9130.4669,1662.2935,-45830.1424
20.7784956,-161.97317,6796455.83,-8791.1892,1609.2711,-46018.159
20.138609,-161.771246,6796390.96,-8440.3114,1564.6089,-46196.5327
19.4990732,-161.554011,6796327.89,-8102.0816,1512.1059,-46361.4936
18.8599247,-161.319914,6796266.65,-7768.5013,1458.9625,-46514.4471
18.221205,-161.067191,6796207.24,-7403.5788,1421.3538,-46660.7725
17.5829616,-160.793825,6796149.68,-7052.7078,1376.822,-46794.0212
16.9452491,-160.497498,6796094,-6692.6148,1349.2587,-46917.1432
16.3081305,-160.175539,6796040.2,-6381.1328,1267.2053,-47024.5191
15.6716792,-159.824847,6795988.3,-6062.4119,1192.1617,-47123.0384
15.0359805,-159.441807,6795938.31,-5704.9663,1164.0249,-47215.7912
14.401135,-159.02218,6795890.24,-5300.952,1187.1191,-47303.5256
13.7672615,-158.560963,6795844.12,-5004.5232,1108.5754,-47373.0547
13.1345016,-158.052209,6795799.95,-4746.6209,971.88,-47432.1487
12.503025,-157.488804,6795757.74,-4377.4096,944.5129,-47492.3769
11.8730374,-156.862164,6795717.5,-4114.0718,812.7937,-47537.5878
11.2447899,-156.161849,6795679.25,-3790.272,731.9136,-47580.1714
10.6185921,-155.375041,6795642.99,-3465.3234,685.9018,-47615.1977
9.9948302,-154.485851,6795608.74,-3150.1672,637.0097,-47642.4271
9.3739913,-153.474364,6795576.5,-2833.8224,587.4299,-47662.2802
8.7566979,-152.31534,6795546.28,-2524.6871,527.9923,-47674.6815
8.1437572,-150.976388,6795518.08,-2224.3245,463.7675,-47679.7323
7.5362323,-149.415384,6795491.93,-1933.8672,383.987,-47677.833
6.9355472,-147.576803,6795467.81,-1649.9124,295.2375,-47669.4014
6.3436464,-145.386418,6795445.74,-1373.8303,202.2904,-47654.6171
5.7632376,-142.743697,6795425.73,-1104.9225,106.2264,-47633.5784
5.198173,-139.511013,6795407.77,-851.3366,-3.9223,-47606.1648
4.6540457,-135.499114,6795391.87,-619.0115,-132.2193,-47572.6292
4.1391221,-130.450108,6795378.04,-417.107,-282.4343,-47532.9234
3.6657308,-124.026034,6795366.27,-262.5289,-461.0195,-47487.1599
3.2520605,-115.830087,6795356.58,-177.1397,-667.6205,-47435.5699
2.9235739,-105.524899,6795348.95,-191.2898,-892.0602,-47378.4933
2.7114103,-93.1284155,6795343.4,-336.9101,-1109.2243,-47316.3136
2.6437257,-79.3917213,6795339.92,-616.8447,-1274.9807,-47249.5797
2.7312831,-65.7571468,6795338.52,-989.8967,-1353.8561,-47178.8842
2.9603399,-53.6080691,6795339.19,-1392.9394,-1348.7741,-47104.5446
3.3015755,-43.5872884,6795341.93,-1783.9914,-1288.4573,-47026.9509
3.7242816,-35.6437589,6795346.75,-2144.5716,-1205.5482,-46946.3589
4.203954,-29.4199373,6795353.63,-2478.6152,-1118.2231,-46862.5849
4.7232686,-24.5229358,6795362.59,-2792.7977,-1034.6377,-46775.425
5.2705201,-20.6251327,6795373.6,-3090.4985,-959.7419,-46684.6733
5.8378568,-17.4784631,6795386.68,-3376.4509,-891.3277,-46590.2292
6.4199559,-14.9013201,6795401.81,-3656.9047,-826.0148,-46492.0064
7.013142,-12.761634,6795418.99,-3937.5413,-764.8308,-46389.6934
7.6148241,-10.9628193,6795438.22,-4174.2993,-727.7094,-46287.0894
8.223137,-9.4334504,6795459.49,-4437.0539,-684.7697,-46178.6637
8.8367111,-8.1199986,6795482.79,-4708.5096,-635.1609,-46066.0034
9.4545216,-6.9817859,6795508.11,-4940.6859,-599.3227,-45954.0166
10.0757887,-5.9874745,6795535.46,-5221.2696,-537.0422,-45833.9294
10.6999099,-5.1126051,6795564.81,-5503.6124,-484.4481,-45710.0632
11.3264129,-4.3378523,6795596.17,-5738.1079,-458.9843,-45588.1576
11.9549226,-3.6477716,6795629.51,-5975.198,-444.2288,-45462.3109
12.5851379,-3.0298894,6795664.84,-6164.178,-456.6202,-45339.0107
13.2168143,-2.4740321,6795702.14,-6414.1528,-419.8846,-45204.2923
13.8497513,-1.971827,6795741.4,-6656.7404,-402.142,-45066.8378
14.483783,-1.5163256,6795782.61,-6879.5328,-428.0543,-44928.4965
15.1187712,-1.1017166,6795825.76,-7135.5691,-427.3532,-44782.0573
15.7545997,-0.7231046,6795870.83,-7365.3991,-394.7344,-44636.989
16.39117,-0.3763383,6795917.81,-7610.1661,-369.5879,-44486.7497
17.0283984,-0.0578757,6795966.68,-7835.3366,-353.0677,-44337.3441
17.6662131,0.2353234,6796017.44,-8083.3129,-313.4334,-44182.1281
18.3045522,0.5058819,6796070.07,-8328.8594,-272.5419,-44025.5061
18.943362,0.7560746,6796124.55,-8577.9659,-224.3217,-43866.2064
19.5825959,0.9878838,6796180.88,-8828.1859,-168.9246,-43704.1761
20.222213,1.2030441,6796239.02,-9062.1345,-152.3912,-43542.1459
20.8621775,1.4030802,6796298.98,-9281.5407,-175.2158,-43379.5322
21.5024578,1.5893374,6796360.73,-9515.5649,-169.0995,-43210.17
22.1430258,1.7630071,6796424.26,-9754.4414,-151.4982,-43036.0825
22.7838565,1.9251478,6796489.54,-9992.2823,-135.0427,-42858.723
23.424928,2.0767038,6796556.57,-10232.3933,-115.1479,-42677.3967
24.0662201,2.2185194,6796625.32,-10469.5556,-94.9813,-42493.5182
24.7077152,2.3513522,6796695.77,-10707.0952,-78.0627,-42306.4424
25.3493972,2.4758836,6796767.92,-10946.6353,-60.6446,-42115.6985
25.9912516,2.5927284,6796841.73,-11185.7869,-45.513,-41921.8353
26.6332653,2.7024427,6796917.18,-11426.9941,-28.58,-41724.1979
27.2754263,2.8055305,6796994.27,-11668.7279,-12.5324,-41523.0669
27.917724,2.9024497,6797072.96,-11911.938,4.0419,-41317.998
28.5601484,2.9936176,6797153.23,-12156.5526,20.0508,-41108.8205
29.2026904,3.0794149,6797235.07,-12403.4027,36.251,-40895.1048
29.8453419,3.1601897,6797318.45,-12651.2139,51.8918,-40676.9834
30.4880952,3.2362611,6797403.36,-12901.2461,68.1846,-40453.7149
31.1309434,3.3079218,6797489.76,-13152.6918,83.5246,-40225.3999
31.7738801,3.3754412,6797577.63,-13405.8167,99.1471,-39991.6801
32.4168993,3.4390675,6797666.96,-13660.9555,114.5143,-39752.3148
33.0599956,3.4990296,6797757.72,-13917.9082,129.647,-39507.0293
33.7031638,3.5555392,6797849.88,-14176.0797,144.3377,-39255.8925
34.3463993,3.608792,6797943.43,-14435.4149,158.6695,-38998.7028
34.9896977,3.6589697,6798038.33,-14696.5391,172.8089,-38735.0846
35.6330548,3.706241,6798134.57,-14958.7849,187.019,-38465.216
36.276467,3.7507624,6798232.11,-15222.6786,200.949,-38188.8268
36.9199307,3.79268,6798330.93,-15487.8719,214.5075,-37905.9723
37.5634424,3.8321297,6798431.02,-15754.5937,227.8694,-37616.3967
38.2069992,3.8692385,6798532.33,-16022.5306,241.0177,-37320.1492
38.8505981,3.9041248,6798634.84,-16292.1745,253.9589,-37016.8054
39.4942364,3.9368998,6798738.53,-16563.4525,266.3261,-36705.9905
40.1379115,3.9676672,6798843.37,-16836.3563,279.0443,-36387.2857
40.7816209,3.9965245,6798949.33,-17110.5283,291.7918,-36060.6103
41.4253624,4.0235631,6799056.39,-17385.8466,303.2904,-35725.6557
42.0691338,4.048869,6799164.51,-17662.3073,315.095,-35382.1346
42.712933,4.0725229,6799273.68,-17939.8936,326.3942,-35030.0627
43.3567582,4.0946009,6799383.85,-18218.2225,336.6667,-34669.0742
44.0006075,4.1151748,6799495.01,-18497.1764,346.9529,-34299.1051
44.6444792,4.134312,6799607.12,-18776.7961,356.5008,-33920.0797
45.2883715,4.1520765,6799720.16,-19056.9244,365.534,-33531.4602
45.932283,4.1685286,6799834.09,-19337.2161,373.9112,-33133.3899
46.5762121,4.1837253,6799948.9,-19617.5262,381.4507,-32725.6279
47.2201574,4.1977206,6800064.54,-19897.6954,387.9193,-32307.8071
47.8641176,4.2105658,6800181,-20177.6163,393.6624,-31879.8225
48.5080913,4.2223093,6800298.24,-20457.1554,398.8209,-31441.3694
49.1520774,4.2329972,6800416.24,-20735.6154,403.1566,-30992.6454
49.7960746,4.2426733,6800534.96,-21013.0339,406.7863,-30533.1724
50.4400817,4.251379,6800654.38,-21289.2532,409.0237,-30062.8632
51.0840978,4.2591539,6800774.48,-21563.6513,411.0287,-29581.7969
51.7281217,4.2660356,6800895.21,-21836.0794,411.6345,-29089.6623
52.3721525,4.2720601,6801016.56,-22106.0842,411.0271,-28586.7145
53.0161892,4.2772614,6801138.49,-22373.2985,409.7622,-28072.7384
53.6602309,4.2816722,6801260.97,-22637.408,407.3136,-27547.7984
54.3042766,4.2853236,6801383.99,-22898.4102,403.6895,-27011.8545
54.9483256,4.2882453,6801507.5,-23155.5882,399.0836,-26465.1203
55.5923769,4.2904658,6801631.48,-23409.1552,393.5136,-25907.2941
56.2364298,4.2920123,6801755.9,-23658.5791,386.8636,-25338.6253
56.8804836,4.2929108,6801880.75,-23903.8248,379.2761,-24758.6225
57.5245374,4.2931863,6802005.97,-24144.4364,370.0819,-24167.3056
58.1685906,4.2928626,6802131.56,-24379.6445,359.6155,-23564.8244
58.8126425,4.2919627,6802257.48,-24608.7755,347.8163,-22951.4285
59.4566923,4.2905087,6802383.71,-24831.8291,334.9133,-22327.003
60.1007395,4.2885217,6802510.21,-25048.2355,320.7695,-21691.9772
60.7447834,4.2860221,6802636.96,-25257.5702,305.258,-21046.5912
61.3888235,4.2830294,6802763.93,-25459.3876,288.4104,-20391.006
62.032859,4.2795624,6802891.1,-25653.4024,270.3713,-19725.7035
62.6768896,4.2756394,6803018.43,-25839.4424,251.0875,-19050.7159
63.3209145,4.2712777,6803145.9,-26016.9834,230.91,-18366.0072
63.9649333,4.2664943,6803273.48,-26185.4454,209.6851,-17672.2602
64.6089454,4.2613055,6803401.14,-26344.5648,186.9785,-16969.9016
65.2529503,4.2557269,6803528.85,-26494.0863,163.0366,-16258.9657
65.8969475,4.2497737,6803656.59,-26633.3778,137.8053,-15539.9609
66.5409365,4.2434606,6803784.33,-26762.1762,111.5917,-14813.2148
67.1849168,4.2368019,6803912.03,-26879.8403,84.3735,-14079.1624
67.828888,4.2298113,6804039.68,-26986.1853,55.8813,-13338.1978
68.4728495,4.2225022,6804167.25,-27081.0604,26.2575,-12590.6222
69.116801,4.2148874,6804294.71,-27163.906,-4.4021,-11837.6505
69.7607419,4.2069796,6804422.04,-27234.3961,-36.2561,-11079.4831
70.4046719,4.1987909,6804549.21,-27292.3081,-68.9765,-10316.7379
71.0485905,4.1903332,6804676.21,-27337.4972,-102.8782,-9549.9154
71.6924974,4.181618,6804802.99,-27369.4609,-137.7121,-8779.7025
72.336392,4.1726566,6804929.55,-27387.8555,-173.4138,-8007.0283
72.9802741,4.1634598,6805055.85,-27392.7887,-209.7625,-7232.2449
73.6241432,4.1540385,6805181.88,-27384.0177,-247.0247,-6456.0695
74.2679989,4.1444028,6805307.61,-27361.3877,-285.4931,-5679.3627
74.911841,4.1345631,6805433.01,-27324.9343,-325.1391,-4902.4735
75.555669,4.1245292,6805558.07,-27274.5038,-365.7981,-4126.3079
76.1994825,4.1143109,6805682.76,-27209.7315,-407.0923,-3351.2857
76.8432813,4.1039177,6805807.07,-27130.5377,-449.4638,-2578.4477
77.487065,4.0933588,6805930.95,-27036.8855,-492.5461,-1808.3679
78.1308333,4.0826434,6806054.41,-26928.8616,-536.5443,-1042.1271
78.7745858,4.0717805,6806177.4,-26806.3664,-581.2567,-280.3209
79.4183221,4.0607789,6806299.92,-26669.5176,-626.5078,476.0332
80.0620421,4.0496472,6806421.94,-26518.4992,-672.5037,1226.3074
80.7057453,4.038394,6806543.43,-26353.5435,-718.9608,1969.6444
81.3494314,4.0270275,6806664.39,-26174.8286,-765.9283,2705.2481
81.9931002,4.0155562,6806784.79,-25982.4552,-813.2825,3432.5517
82.6367513,4.0039882,6806904.6,-25776.7797,-861.247,4150.6923
83.2803844,3.9923314,6807023.82,-25558.1076,-909.6362,4859.2901
83.9239992,3.980594,6807142.41,-25326.4662,-958.3709,5557.3968
84.5675955,3.9687837,6807260.38,-25082.23,-1007.3509,6244.1159
85.2111729,3.9569084,6807377.69,-24825.7703,-1056.918,6918.9821
85.8547311,3.9449758,6807494.34,-24557.2743,-1106.6554,7581.2089
86.4982699,3.9329936,6807610.3,-24277.3156,-1156.593,8229.9334
87.141789,3.9209694,6807725.56,-23986.4735,-1206.4547,8864.4184
87.7852882,3.9089109,6807840.1,-23685.2603,-1256.5357,9484.2401
88.4287672,3.8968255,6807953.92,-23374.1516,-1306.4272,10088.7125
89.0722256,3.8847208,6808066.98,-23053.9222,-1356.7132,10676.994
89.7156633,3.8726043,6808179.28,-22725.0565,-1406.7771,11249.0565
90.35908,3.8604835,6808290.81,-22387.867,-1456.5365,11804.7411
91.0024755,3.8483659,6808401.55,-22043.0374,-1506.0919,12343.2563
91.6458494,3.8362589,6808511.48,-21691.3941,-1555.3,12863.8557
92.2892016,3.8241701,6808620.59,-21333.303,-1604.3409,13366.5782
92.9325317,3.812107,6808728.87,-20969.3688,-1652.87,13851.0166
93.5758396,3.8000771,6808836.32,-20600.3282,-1701.2545,14316.8401
94.219125,3.788088,6808942.91,-20227.2139,-1749.4647,14763.3659
94.8623876,3.7761473,6809048.63,-19850.5704,-1796.7374,15190.6478
95.5056273,3.7642627,6809153.48,-19470.9445,-1843.6876,15598.8029
96.1488437,3.752442,6809257.45,-19089.3674,-1889.9623,15987.5202
96.7920367,3.7406928,6809360.52,-18706.4717,-1935.4223,16356.8369
97.435206,3.7290232,6809462.68,-18322.8776,-1980.1618,16706.8454
98.0783514,3.7174409,6809563.94,-17939.4116,-2024.2807,17037.3198
98.7214726,3.7059542,6809664.27,-17556.5331,-2067.562,17348.6168
99.3645695,3.694571,6809763.67,-17175.1298,-2109.7027,17640.7604
100.0076417,3.6832997,6809862.13,-16795.8194,-2151.2856,17913.8694
100.6506892,3.6721485,6809959.64,-16419.558,-2191.8258,18168.0444
101.2937116,3.6611261,6810056.2,-16046.8541,-2231.4461,18403.6595
101.9367087,3.650241,6810151.8,-15678.2411,-2270.1104,18621.1071
102.5796803,3.6395019,6810246.42,-15314.4765,-2307.858,18820.8552
103.2226261,3.6289179,6810340.08,-14956.6405,-2344.5946,19002.9015
103.865546,3.618498,6810432.75,-14605.0202,-2380.2904,19168.0493
104.5084397,3.6082514,6810524.44,-14259.9756,-2415.1965,19316.7861
105.1513069,3.5981876,6810615.13,-13922.4947,-2448.9701,19449.4542
105.7941475,3.5883164,6810704.83,-13592.6959,-2481.789,19566.9888
106.4369611,3.5786474,6810793.53,-13271.2398,-2513.7202,19669.7642
107.0797477,3.569191,6810881.22,-12958.4457,-2545.1317,19758.4145
107.7225068,3.5599573,6810967.9,-12654.7626,-2575.4829,19833.5332
108.3652383,3.550957,6811053.57,-12360.3723,-2605.0882,19895.8408
109.007942,3.542201,6811138.23,-12075.6791,-2633.887,19945.9602
109.6506176,3.5337005,6811221.87,-11800.9715,-2662.0401,19984.5046
110.2932648,3.5254668,6811304.49,-11536.3693,-2689.4472,20012.1427
110.9358834,3.5175117,6811386.09,-11282.2058,-2716.1796,20029.4318
111.5784731,3.5098474,6811466.66,-11038.8275,-2742.0681,20036.8992
112.2210336,3.5024864,6811546.21,-10806.6225,-2767.4384,20035.1245
112.8635648,3.4954414,6811624.74,-10585.6393,-2791.9428,20025.0992
113.5060663,3.4887257,6811702.24,-10376.1196,-2816.3647,20007.6387
114.1485378,3.482353,6811778.71,-10178.1978,-2840.5645,19983.6216
114.790979,3.4763374,6811854.16,-9991.9224,-2864.2915,19953.9193
115.4333897,3.4706934,6811928.58,-9817.2672,-2888.1281,19919.1531
116.0757696,3.465436,6812001.99,-9653.7969,-2911.6313,19880.1493
116.7181182,3.4605809,6812074.37,-9501.6597,-2935.2647,19837.3822
117.3604354,3.4561442,6812145.72,-9360.6797,-2958.8586,19791.4277
118.0027208,3.4521425,6812216.07,-9230.6607,-2982.8306,19742.9806
118.644974,3.4485932,6812285.4,-9111.8737,-3007.0157,19692.5222
119.2871947,3.4455142,6812353.71,-9004.173,-3031.3245,19640.8046
119.9293825,3.4429242,6812421.02,-8907.2419,-3055.8059,19588.3886
120.571537,3.4408425,6812487.32,-8820.5183,-3081.0985,19535.9589
121.213658,3.4392892,6812552.63,-8744.0934,-3107.2229,19483.9839
121.8557449,3.4382854,6812616.94,-8677.6037,-3133.8472,19433.0402
122.4977973,3.4378526,6812680.25,-8620.8876,-3161.109,19383.7228
123.1398148,3.4380137,6812742.58,-8573.7926,-3188.7743,19336.3607
123.781797,3.4387922,6812803.93,-8535.9916,-3217.1224,19291.4487
124.4237433,3.4402129,6812864.31,-8507.2613,-3246.3409,19249.4067
125.0656534,3.4423014,6812923.71,-8487.4038,-3276.5581,19210.6645
125.7075266,3.4450846,6812982.15,-8476.2688,-3307.7641,19175.572
126.3493625,3.4485906,6813039.63,-8473.4805,-3339.9553,19144.5748
126.9911604,3.4528488,6813096.16,-8478.8082,-3372.9792,19118.1552
127.6329198,3.4578898,6813151.74,-8491.8364,-3407.0989,19096.6489
128.27464,3.4637458,6813206.38,-8512.478,-3442.366,19080.3034
128.9163205,3.4704506,6813260.09,-8540.4682,-3478.6127,19069.4635
129.5579604,3.4780394,6813312.87,-8575.4242,-3516.1454,19064.4293
130.1995592,3.4865495,6813364.74,-8617.2094,-3554.9426,19065.4573
130.8411159,3.4960197,6813415.69,-8665.563,-3594.566,19072.8159
131.4826299,3.506491,6813465.73,-8720.1402,-3635.5844,19086.7993
132.1241003,3.5180065,6813514.87,-8780.6799,-3677.6802,19107.6577
132.7655261,3.5306115,6813563.13,-8846.716,-3720.9867,19135.6746
133.4069064,3.5443539,6813610.5,-8918.0621,-3765.5074,19170.9908
134.0482402,3.5592838,6813656.99,-8994.5679,-3810.8881,19213.8713
134.6895264,3.5754545,6813702.61,-9076.0857,-3857.4184,19264.3916
135.330764,3.5929221,6813747.37,-9162.2747,-3905.5336,19322.7209
135.9719515,3.6117459,6813791.28,-9252.7839,-3954.1567,19389.4201
136.6130879,3.6319886,6813834.34,-9347.6782,-4004.0389,19464.3498
137.2541717,3.6537167,6813876.56,-9446.2403,-4055.2883,19547.9787
137.8952015,3.6770005,6813917.95,-9548.546,-4107.8014,19640.4202
138.5361757,3.7019147,6813958.52,-9654.2995,-4161.0842,19741.8615
139.1770927,3.7285386,6813998.28,-9762.8242,-4215.6793,19852.3096
139.8179507,3.7569565,6814037.23,-9873.9779,-4271.5207,19972.0208
140.4587478,3.787258,6814075.38,-9987.64,-4327.8941,20101.1433
141.0994819,3.8195385,6814112.75,-10103.4286,-4385.7206,20239.636
141.7401511,3.8538999,6814149.33,-10220.9243,-4444.7408,20387.6621
142.3807528,3.8904507,6814185.14,-10340.1798,-4504.2434,20545.3663
143.0212846,3.9293071,6814220.19,-10460.5263,-4565.2548,20712.8257
143.6617439,3.9705931,6814254.48,-10582.1873,-4627.1707,20889.9045
144.3021277,4.0144418,6814288.02,-10704.2251,-4690.0614,21076.9844
144.942433,4.0609956,6814320.83,-10826.8146,-4753.9276,21273.9886
145.5826565,4.1104078,6814352.9,-10948.8107,-4818.2104,21481.4555
146.2227945,4.1628427,6814384.26,-11070.9314,-4883.9773,21698.7067
146.8628431,4.2184777,6814414.9,-11192.4749,-4950.4595,21926.2455
147.5027981,4.2775037,6814444.85,-11312.8074,-5018.1664,22164.0336
148.1426551,4.3401269,6814474.1,-11431.8638,-5086.5665,22412.0608
148.7824089,4.4065703,6814502.66,-11549.304,-5155.988,22670.3301
149.4220544,4.4770754,6814530.56,-11664.0301,-5226.3497,22938.9799
150.0615855,4.5519041,6814557.79,-11776.4598,-5297.7525,23217.6445
150.7009961,4.631341,6814584.35,-11885.5605,-5369.8491,23506.5842
151.340279,4.715696,6814610.28,-11991.446,-5442.734,23805.2853
151.9794268,4.8053068,6814635.56,-12093.1126,-5516.9137,24113.7127
152.6184311,4.9005426,6814660.2,-12190.0732,-5592.0686,24431.7446
153.2572827,5.0018076,6814684.22,-12282.3921,-5668.3656,24758.8818
153.8959716,5.109545,6814707.63,-12369.4179,-5745.5465,25095.0334
154.5344867,5.2242423,6814730.42,-12451.1096,-5823.7552,25439.649
155.1728157,5.3464366,6814752.61,-12526.7325,-5903.3282,25792.7478
155.8109452,5.4767212,6814774.21,-12596.2085,-5984.2521,26154.0521
156.4488601,5.6157532,6814795.22,-12659.1093,-6066.6421,26523.3591
157.0865436,5.7642621,6814815.65,-12717.415,-6151.5864,26899.1736
157.723977,5.92306,6814835.5,-12768.4048,-6237.4092,27282.8065
158.3611396,6.0930538,6814854.79,-12811.4888,-6325.0733,27674.0479
158.9980078,6.2752594,6814873.52,-12846.6976,-6413.8462,28072.7999
159.6345552,6.4708181,6814891.7,-12873.6886,-6506.9983,28477.9931
160.270752,6.6810168,6814909.32,-12892.2919,-6602.7123,28889.918
160.9065645,6.9073119,6814926.41,-12901.1561,-6696.0088,29309.9603
161.541954,7.1513576,6814942.96,-12901.8423,-6792.3241,29735.7139
162.1768767,7.4150407,6814958.97,-12892.0691,-6893.229,30167.6073
162.8112821,7.7005226,6814974.46,-12871.7904,-6997.7051,30605.3638
163.4451119,8.0102905,6814989.43,-12840.746,-7103.4354,31049.2048
164.0782987,8.3472208,6815003.89,-12800.0505,-7209.4462,31498.2023
164.7107638,8.7146575,6815017.83,-12749.9554,-7316.8644,31951.6455
165.3424152,9.1165098,6815031.27,-12695.9295,-7422.1817,32407.5905
165.9731441,9.5573755,6815044.21,-12634.5924,-7521.1911,32868.0532
166.6028216,10.042697,6815056.65,-12563.6964,-7637.1334,33327.7945
167.2312936,10.5789619,6815068.61,-12424.5354,-7811.3465,33798.0987
167.858374,11.1739614,6815080.08,-12258.8947,-7996.9572,34272.5406
168.4838369,11.837128,6815091.08,-12062.8306,-8228.7843,34742.4495
169.1074051,12.5799819,6815101.6,-11826.631,-8460.0795,35220.4988
169.7287348,13.4167264,6815111.65,-11605.8336,-8642.3902,35698.6391
170.3473952,14.3650514,6815121.23,-11398.2992,-8779.9998,36177.2982
170.9628393,15.4472344,6815130.35,-11151.5707,-9023.6577,36636.0982
171.5743638,16.6916636,6815139.02,-10853.4074,-9308.6935,37092.4188
172.1810504,18.1349745,6815147.22,-10449.9905,-9531.3992,37585.6029
172.7816805,19.8250805,6815154.97,-10011.2463,-9831.7389,38057.6031
173.3746082,21.8255114,6815162.27,-9508.3659,-10161.0669,38525.41
173.9575672,24.221649,6815169.12,-8902.0291,-10516.7238,38995.3197
174.5273723,27.1296312,6815175.53,-8186.3972,-10917.0957,39457.9307
175.0794532,30.708702,6815181.49,-7341.0546,-11340.8841,39915.2371
175.6071236,35.1769718,6815187,-6354.6472,-11742.0948,40373.6394
176.1004632,40.826975,6815192.07,-4950.3963,-12205.1314,40832.5381
176.5447368,48.0261426,6815196.71,-3127.7992,-12625.198,41279.4441
176.918649,57.1601218,6815200.9,-952.295,-12763.1459,41732.6667
177.1939315,68.4399093,6815204.65,1676.7869,-12520.3295,42165.0838
177.3397879,81.5401634,6815207.97,4563.8995,-11596.7938,42589.9052
177.3348841,95.3483969,6815210.85,7220.2466,-9911.4138,43014.5975
177.1800069,108.358162,6815213.29,9200.5018,-7770.9369,43435.1021
176.897536,119.50373,6815215.3,10420.9294,-5592.2101,43844.895
176.5183901,128.505279,6815216.86,11025.8426,-3686.2881,44240.6044
176.0704532,135.594288,6815217.99,11175.6164,-2090.4472,44640.6769
175.5745648,141.159083,6815218.69,11092.5244,-805.8463,45028.1264
175.0451004,145.563088,6815218.94,10896.9951,253.6404,45398.912
174.4917331,149.093808,6815218.75,10588.9774,1081.016,45767.154
173.9209864,151.965113,6815218.12,10260.9612,1788.3014,46118.0627
173.3373244,154.333074,6815217.04,9893.1139,2382.9763,46460.3431
172.7438622,156.311549,6815215.52,9497.7368,2850.776,46795.7284
172.1428194,157.984303,6815213.55,9100.5612,3263.9743,47117.079
171.5358098,159.413711,6815211.14,8692.8362,3614.1144,47428.1148
170.9240298,160.64686,6815208.26,8280.8298,3925.5018,47726.8763
170.3083817,161.719783,6815204.94,7858.2335,4195.9966,48015.064
169.6895576,162.660424,6815201.15,7436.5426,4485.5632,48285.7999
169.0680958,163.490729,6815196.91,7006.7864,4646.6392,48554.3676
168.444421,164.228139,6815192.19,6558.6225,4800.6146,48811.1043
167.8188721,164.886666,6815187.01,6138.6587,5036.2317,49040.6303
167.1917227,165.47768,6815181.35,5706.8743,5176.176,49265.708
166.563196,166.010499,6815175.22,5264.0213,5354.354,49472.2005
165.9334756,166.492822,6815168.6,4836.2445,5537.7636,49660.4312
165.3027139,166.931062,6815161.49,4400.4671,5656.4939,49840.9066
164.6710384,167.330605,6815153.89,3953.4879,5759.1195,50008.7
164.0385567,167.695998,6815145.79,3510.7772,5867.9465,50160.158
163.4053599,168.031113,6815137.18,3070.5208,5975.2285,50296.4464
162.7715259,168.339261,6815128.06,2620.8485,6050.3576,50422.193
162.1371214,168.623292,6815118.42,2202.9168,6135.5646,50530.6359
161.5022041,168.88567,6815108.26,1757.2775,6189.6532,50629.9118
160.866824,169.128537,6815097.57,1318.9498,6211.6502,50718.8489
160.2310248,169.353766,6815086.34,864.9326,6108.9989,50809.419
159.5948446,169.562996,6815074.56,425.8393,6325.0195,50846.8336
158.958317,169.757672,6815062.23,17.3688,6409.7349,50886.0515
158.3214714,169.939072,6815049.35,-435.6323,6435.5353,50918.6819
157.6843341,170.108328,6815035.89,-883.2901,6469.8196,50936.2486
157.0469283,170.266448,6815021.86,-1313.9989,6507.5835,50939.8823
156.4092749,170.414334,6815007.24,-1760.0949,6455.5213,50940.7871
155.7713923,170.552791,6814992.04,-2188.8777,6469.2876,50919.9385
155.1332971,170.682544,6814976.23,-2626.6602,6624.4278,50866.4519
154.4950043,170.804247,6814959.81,-3047.4147,6715.3634,50807.5802
153.8565273,170.918488,6814942.78,-3497.0397,6760.1539,50738.6246
153.2178783,171.025801,6814925.12,-3925.1389,6750.967,50664.3806
152.5790683,171.126672,6814906.82,-4341.551,6808.9249,50568.6542
151.9401073,171.22154,6814887.88,-4752.4973,6830.277,50465.2759
151.3010044,171.310807,6814868.29,-5169.074,6842.0155,50349.9154
150.6617678,171.39484,6814848.03,-5585.3405,6889.8582,50217.2294
150.0224051,171.473976,6814827.11,-5996.7811,6865.8402,50082.7902
149.3829233,171.548523,6814805.51,-6395.0941,6902.9657,49930.016
148.7433285,171.618763,6814783.22,-6793.3241,6923.1461,49768.374
148.1036267,171.684957,6814760.23,-7189.9638,6931.2331,49597.6571
147.4638231,171.747346,6814736.54,-7582.4149,6940.4615,49416.5427
146.8239227,171.80615,6814712.13,-7970.3871,6942.0379,49226.6206
146.18393,171.861577,6814687,-8356.0055,6948.6911,49026.0111
145.5438491,171.913815,6814661.13,-8735.0405,6947.9236,48817.3912
144.9036839,171.96304,6814634.51,-9115.3796,6949.927,48598.2948
144.263438,172.009418,6814607.14,-9484.7777,6949.3799,48371.9583
143.6231147,172.053099,6814579,-9854.3162,6947.9119,48136.4827
142.9827169,172.094227,6814550.08,-10218.2852,6941.8505,47893.7506
142.3422477,172.132933,6814520.38,-10579.8167,6937.2916,47642.5897
141.7017096,172.169341,6814489.87,-10937.9214,6930.4734,47383.664
141.0611051,172.203566,6814458.56,-11294.2673,6923.0533,47116.5126
140.4204366,172.235717,6814426.43,-11646.8912,6914.5581,46841.4456
139.779706,172.265896,6814393.47,-11997.5074,6903.9708,46558.1234
139.1389155,172.294196,6814359.67,-12344.0716,6892.8024,46266.8414
138.498067,172.320708,6814325.02,-12688.1809,6880.4823,45967.3996
137.8571621,172.345516,6814289.51,-13028.713,6867.5646,45660.2059
137.2162025,172.368698,6814253.13,-13365.5533,6852.5337,45346.0791
136.5751898,172.390329,6814215.88,-13699.6867,6836.999,45024.6105
135.9341253,172.410479,6814177.74,-14030.3607,6820.2358,44696.561
135.2930105,172.429214,6814138.7,-14357.602,6802.4471,44362.0498
134.6518466,172.446596,6814098.75,-14682.5434,6783.9335,44020.8182
134.0106347,172.462686,6814057.89,-15004.842,6763.8864,43673.2986
133.3693761,172.477538,6814016.11,-15324.796,6742.7149,43319.2513
132.7280718,172.491205,6813973.39,-15642.8263,6721.0088,42958.626
132.0867228,172.503739,6813929.73,-15959.1098,6698.5572,42591.2961
131.44533,172.515186,6813885.11,-16272.3778,6675.3021,42217.7288
130.8038943,172.525592,6813839.54,-16584.6828,6651.0797,41837.1967
130.1624165,172.534999,6813793.01,-16894.4028,6626.2705,41449.9755
129.5208975,172.543448,6813745.5,-17202.4098,6601.6502,41055.7782
128.879338,172.550979,6813697,-17509.0011,6576.7654,40654.23
128.2377387,172.557628,6813647.52,-17814.0461,6550.2008,40245.3345
127.5961003,172.56343,6813597.04,-18116.7225,6523.5989,39828.9515
126.9544235,172.56842,6813545.55,-18417.4819,6497.2709,39404.7563
126.3127087,172.572628,6813493.05,-18715.8988,6469.0617,38973.0771
125.6709567,172.576087,6813439.52,-19011.3443,6440.2481,38533.9905
125.029168,172.578824,6813384.97,-19304.6217,6411.4195,38087.083
124.3873431,172.580868,6813329.39,-19595.3752,6382.0969,37632.6379
123.7454825,172.582247,6813272.77,-19883.6768,6351.9097,37170.5703
123.1035867,172.582985,6813215.1,-20169.0501,6321.9479,36701.0015
122.4616562,172.583106,6813156.37,-20451.8001,6291.0505,36223.955
121.8196914,172.582636,6813096.6,-20731.7068,6260.2383,35739.3189
121.1776927,172.581595,6813035.75,-21008.8507,6229.0021,35246.9758
120.5356606,172.580007,6812973.85,-21282.6563,6197.3663,34747.2126
119.8935954,172.577892,6812910.87,-21553.4743,6165.8678,34239.7262
119.2514975,172.575269,6812846.81,-21821.0694,6134.1643,33724.5023
118.6093672,172.572159,6812781.68,-22085.1837,6102.5811,33201.4588
117.967205,172.568579,6812715.46,-22345.8016,6070.3638,32670.7283
117.3250112,172.564548,6812648.16,-22602.6082,6037.6363,32132.2615
116.682786,172.560083,6812579.76,-22854.7843,6004.3606,31586.667
116.0405299,172.555201,6812510.28,-23103.1583,5970.488,31033.2879
115.398243,172.549918,6812439.7,-23347.2109,5936.9381,30472.4723
114.7559258,172.544249,6812368.02,-23586.9113,5903.7741,29904.1493
114.1135784,172.538209,6812295.25,-23821.2125,5870.0667,29329.1331
113.4712012,172.531813,6812221.37,-24051.8867,5835.7855,28746.4744
112.8287945,172.525074,6812146.4,-24277.0242,5802.6197,28157.2485
112.1863585,172.518007,6812070.32,-24496.7331,5767.6915,27561.1934
111.5438934,172.510625,6811993.14,-24711.7535,5733.384,26957.5096
110.9013996,172.502941,6811914.86,-24921.0764,5698.5911,26347.2628
110.2588773,172.494966,6811835.47,-25124.4091,5663.6007,25730.3168
109.6163267,172.486714,6811754.98,-25321.5783,5628.8649,25106.7726
108.9737481,172.478195,6811673.38,-25511.9039,5594.0055,24477.2486
108.3311417,172.469421,6811590.69,-25696.4023,5559.2209,23841.207
107.6885078,172.460404,6811506.89,-25873.7524,5524.0195,23199.864
107.0458466,172.451154,6811421.99,-26045.1063,5489.1948,22551.8036
106.4031584,172.441682,6811336,-26208.7715,5453.9135,21899.1881
105.7604433,172.431997,6811248.92,-26365.0054,5419.5777,21241.5833
105.1177017,172.422111,6811160.75,-26514.2316,5383.0233,20578.8441
104.4749337,172.412033,6811071.5,-26655.4078,5347.3106,19912.17
103.8321396,172.401773,6810981.17,-26788.3667,5311.4512,19242.4894
103.1893197,172.39134,6810889.76,-26914.4374,5274.0001,18568.2002
102.546474,172.380743,6810797.29,-27031.8405,5234.735,17891.7561
101.903603,172.369991,6810703.77,-27141.141,5198.754,17212.3377
101.2607067,172.359094,6810609.18,-27242.8045,5160.162,16531.3063
100.6177854,172.34806,6810513.56,-27336.216,5123.4583,15848.2394
99.9748394,172.336898,6810416.9,-27421.2947,5085.8282,15164.2107
99.3318688,172.325616,6810319.21,-27499.6269,5048.2078,14476.907
98.6888739,172.314222,6810220.51,-27569.3317,5011.3015,13789.6183
98.0458548,172.302725,6810120.8,-27630.8698,4972.8146,13101.3868
97.4028118,172.291133,6810020.09,-27683.7144,4935.1814,12413.4232
96.7597452,172.279454,6809918.39,-27729.0231,4897.3982,11724.6328
96.1166551,172.267696,6809815.71,-27766.1735,4857.4401,11037.291
95.4735417,172.255866,6809712.06,-27794.9284,4818.5541,10351.5881
94.8304053,172.243973,6809607.45,-27816.5367,4778.9668,9666.2013
94.1872461,172.232024,6809501.9,-27830.9138,4738.1277,8982.3812
93.5440643,172.220027,6809395.41,-27837.6027,4697.269,8299.7531
92.9008601,172.207989,6809288,-27836.8538,4654.4808,7621.086
92.2576338,172.195918,6809179.68,-27828.9102,4611.7926,6944.5349
91.6143856,172.183822,6809070.46,-27813.8759,4568.9804,6270.2879
90.9711157,172.171708,6808960.35,-27791.9484,4525.8539,5599.8451
90.3278244,172.159584,6808849.37,-27762.921,4482.7659,4933.3047
89.6845119,172.147457,6808737.53,-27726.8561,4439.2499,4271.6606
89.0411784,172.135334,6808624.84,-27685.1415,4394.7823,3613.2937
88.3978242,172.123223,6808511.33,-27637.8273,4348.5153,2958.3634
87.7544496,172.111132,6808397,-27584.4989,4301.9354,2309.2887
87.1110547,172.099068,6808281.87,-27525.5832,4256.3692,1666.6555
86.4676399,172.087039,6808165.95,-27462.0978,4209.4159,1028.2583
85.8242054,172.075052,6808049.26,-27393.7515,4161.8522,394.3839
85.1807514,172.063115,6807931.83,-27320.5899,4112.2721,-233.2769
84.5372783,172.051235,6807813.65,-27243.4309,4061.6513,-855.7688
83.8937862,172.039421,6807694.76,-27162.5601,4010.9939,-1473.1407
83.2502755,172.027679,6807575.17,-27077.8519,3961.1519,-2083.8921
82.6067465,172.016019,6807454.9,-26989.8829,3908.8628,-2690.3881
81.9631994,172.004447,6807333.96,-26898.7345,3856.7456,-3290.009
81.3196345,171.992973,6807212.38,-26804.9442,3802.8543,-3884.9463
80.6760521,171.981603,6807090.17,-26708.2382,3749.0393,-4474.806
80.0324525,171.970348,6806967.35,-26608.9317,3694.306,-5058.9399
79.388836,171.959213,6806843.95,-26507.731,3640.0126,-5636.0094
78.7452029,171.94821,6806719.98,-26404.4587,3583.7784,-6209.0961
78.1015536,171.937345,6806595.47,-26299.1962,3526.3151,-6776.1173
77.4578882,171.926628,6806470.43,-26192.7051,3468.7491,-7336.8623
76.8142073,171.916068,6806344.9,-26085.0332,3408.7153,-7893.9952
76.170511,171.905673,6806218.88,-25976.455,3348.0729,-8445.6094
75.5267997,171.895454,6806092.41,-25867.1878,3287.9566,-8990.5992
74.8830739,171.88542,6805965.5,-25756.7429,3225.2572,-9533.1893
74.2393337,171.87558,6805838.18,-25646.0976,3161.8554,-10070.5505
73.5955796,171.865944,6805710.48,-25535.3331,3099.9235,-10601.5865
72.9518119,171.856523,6805582.41,-25423.736,3036.463,-11129.6258
72.3080309,171.847327,6805454,-25312.7197,2970.9303,-11652.3992
71.6642372,171.838366,6805325.28,-25201.4498,2905.1431,-12172.2183
71.020431,171.829652,6805196.26,-25090.5076,2841.18,-12687.8066
70.3766128,171.821196,6805066.98,-24980.3593,2774.1617,-13199.8347
69.7327829,171.813009,6804937.46,-24870.191,2707.23,-13709.4395
69.0889417,171.805104,6804807.73,-24760.2008,2640.7013,-14215.7705
68.4450897,171.797491,6804677.8,-24650.6832,2573.1313,-14719.378
67.8012274,171.790185,6804547.72,-24541.2911,2506.1576,-15220.497
67.157355,171.783198,6804417.5,-24432.3051,2436.9674,-15719.08
66.5134732,171.776543,6804287.17,-24323.8409,2368.7783,-16214.8153
65.8695823,171.770234,6804156.76,-24214.6335,2300.4028,-16709.5737
65.2256828,171.764285,6804026.29,-24105.8059,2231.619,-17202.1117
64.5817752,171.758712,6803895.8,-23997.2877,2163.4169,-17692.8155
63.93786,171.753528,6803765.31,-23888.7129,2094.6118,-18181.9935
63.2939377,171.748751,6803634.85,-23779.5769,2025.0677,-18670.3764
62.6500088,171.744395,6803504.44,-23670.993,1956.1779,-19157.1657
62.0060738,171.740479,6803374.12,-23562.2865,1887.8519,-19642.6023
61.3621333,171.73702,6803243.91,-23452.1868,1820.5952,-20127.8637
60.7181879,171.734035,6803113.84,-23342.4994,1752.392,-20611.2615
60.0742381,171.731544,6802983.94,-23231.7396,1683.6264,-21094.8678
59.4302846,171.729565,6802854.24,-23120.4577,1616.1615,-21577.4509
58.7863279,171.728121,6802724.76,-23007.9605,1549.9904,-22059.6223
58.1423688,171.727231,6802595.53,-22893.9407,1482.9482,-22541.6236
57.4984078,171.726918,6802466.59,-22778.4116,1416.5661,-23023.2155
56.8544457,171.727205,6802337.96,-22661.7944,1350.2703,-23504.0891
56.2104831,171.728116,6802209.67,-22543.4943,1284.0567,-23984.6468
55.5665208,171.729675,6802081.75,-22424.3408,1219.8524,-24464.0023
54.9225596,171.731908,6801954.22,-22302.5385,1156.1522,-24943.846
54.2786002,171.734844,6801827.13,-22179.2533,1094.5355,-25423.2388
53.6346434,171.73851,6801700.49,-22054.0589,1033.9369,-25902.5408
52.9906901,171.742937,6801574.34,-21926.8979,973.9849,-26381.8918
52.3467412,171.748155,6801448.71,-21797.4894,915.4137,-26861.2607
51.7027976,171.754197,6801323.62,-21665.0495,859.5554,-27340.777
51.0588601,171.761097,6801199.11,-21529.3513,804.1502,-27820.254
50.4149299,171.768891,6801075.2,-21391.1441,748.8054,-28299.0332
49.771008,171.777617,6800951.93,-21249.4754,694.2617,-28777.5733
49.1270953,171.787314,6800829.32,-21104.6838,641.9498,-29255.3152
48.483193,171.798025,6800707.4,-20955.959,592.0167,-29732.5038
47.8393024,171.809792,6800586.2,-20803.6038,543.4587,-30209.0292
47.1954246,171.822663,6800465.75,-20647.6709,496.0441,-30684.7867
46.5515608,171.836684,6800346.08,-20486.4882,450.6913,-31160.0731
45.9077126,171.851909,6800227.21,-20320.9546,405.5914,-31634.4241
45.2638812,171.868391,6800109.18,-20151.4164,363.8732,-32107.1742
44.6200681,171.886186,6799992.02,-19976.3908,322.2572,-32578.9704
43.9762749,171.905356,6799875.74,-19796.1741,283.1625,-33049.0181
43.3325033,171.925965,6799760.39,-19610.3586,244.4717,-33517.2784
42.6887549,171.948079,6799645.98,-19419.6872,208.6669,-33983.059
42.0450316,171.971772,6799532.54,-19222.8233,175.6398,-34446.707
41.4013354,171.997119,6799420.11,-19021.0222,142.1215,-34907.2594
40.7576682,172.024201,6799308.71,-18814.0698,110.1359,-35364.607
40.1140323,172.053103,6799198.36,-18598.7187,82.7619,-35819.3941
39.4704298,172.083919,6799089.1,-18377.2142,56.5374,-36270.7034
38.8268633,172.116745,6798980.95,-18151.0571,29.0118,-36717.0375
38.1833354,172.151685,6798873.93,-17916.9686,2.8042,-37158.9561
37.5398486,172.188851,6798768.09,-17675.9372,-19.362,-37595.7905
36.8964061,172.228362,6798663.43,-17429.8078,-39.698,-38026.8983
36.2530108,172.270344,6798559.99,-17178.1934,-59.9743,-38451.7362
35.6096662,172.314934,6798457.8,-16920.0884,-79.4765,-38870.6983
34.9663757,172.362277,6798356.88,-16656.5279,-95.4624,-39283.4551
34.3231431,172.412532,6798257.25,-16386.4192,-110.1536,-39689.9545
33.6799726,172.465867,6798158.95,-16109.8915,-122.4065,-40089.7522
33.0368686,172.522464,6798061.99,-15827.9007,-133.7767,-40482.1785
32.3938357,172.582519,6797966.4,-15539.2015,-143.1443,-40867.1822
31.750879,172.646244,6797872.21,-15244.8506,-151.141,-41244.0455
31.1080041,172.71387,6797779.45,-14944.9066,-158.6263,-41612.1562
30.4652168,172.785644,6797688.12,-14638.9791,-163.9838,-41971.2094
29.8225236,172.861836,6797598.26,-14327.2536,-168.3645,-42320.9836
29.1799315,172.942741,6797509.9,-14010.8192,-171.2976,-42661.2895
28.537448,173.028678,6797423.05,-13689.6658,-173.0442,-42992.0761
27.8950815,173.119996,6797337.73,-13364.463,-172.6678,-43312.8687
27.2528409,173.217076,6797253.97,-13035.5532,-170.6051,-43623.1138
26.6107361,173.320338,6797171.79,-12700.2788,-169.737,-43923.4977
25.9687781,173.43024,6797091.21,-12362.0595,-166.5994,-44212.9097
25.3269787,173.547289,6797012.26,-12020.3875,-162.1513,-44491.3771
24.685351,173.672041,6796934.94,-11675.4196,-156.6191,-44758.318
24.0439097,173.805113,6796859.29,-11327.1258,-150.4053,-45013.6109
23.4026707,173.94719,6796785.32,-10976.7158,-142.6427,-45256.9705
22.761652,174.09903,6796713.05,-10624.4482,-134.1277,-45488.4543
22.1208734,174.261482,6796642.5,-10270.8641,-124.7539,-45708.3864
21.4803573,174.435492,6796573.69,-9916.9942,-115.2642,-45916.7333
20.8401286,174.622123,6796506.64,-9562.6213,-104.5816,-46113.6078
20.2002154,174.822572,6796441.37,-9206.0394,-92.6246,-46299.7048
19.5606495,175.038187,6796377.89,-8847.1121,-77.3229,-46475.096
18.9214668,175.270501,6796316.23,-8490.9943,-65.0312,-46638.5448
18.2827083,175.521254,6796256.39,-8129.3807,-45.5924,-46791.5346
17.644421,175.792438,6796198.39,-7769.3221,-29.5617,-46932.9804
